Full Name,Phone,Email,Age,Experience,Yearly Income,Has children,License states,Expiration date,License number
Alex Cho,8900991919,AlexCho@cho.com,12,45,1200,TRUE,Alabama,12-12-2030,132567
Alex Cho,+18900999191,test@gmail.com,21,10,1200.11,TRUE,New York,2010-12-12,1x567
Alex Cho,+18900999191,true@co,21,0,1200000,TRUE,california | ca,2010-12-12,1x5671
Alex,+18900999191,test1@mee.to,21,3,12013,,tx,2020-12-12,115671
Alex Cho,+18900991919,alexCHO@CHO.coM,12,45,1200.1221,TRUE,Alabama,12-12-2030,1xr567
Alex Who,+18900992319,alexwhO@whO.coM,0,0,0,TRUE,Alabama,06.03.2002,1xr567
Alex Cho,8900991919,AlexCho@cho.com,12,45,1200,TRUE,Alabama,12-12-2030,132567
Alex Cho,+18900999191,test@gmail.com,21,10,1200.11,TRUE,New York,2010-12-12,1x567
Alex Cho,+18900999191,true@co,21,0,1200000,TRUE,california | ca,2010-12-12,1x5671
Alex,+18900999191,test1@mee.to,21,3,12013,,tx,2020-12-12,115671
Alex Cho,+18900991919,alexCHO@CHO.coM,12,45,1200.1221,TRUE,Alabama,12-12-2030,1xr567
Alex Who,+18900992319,alexwhO@whO.coM,0,0,0,TRUE,Alabama,06.03.2002,1xr567
Alex Cho,8900991919,AlexCho@cho.com,12,45,1200,TRUE,Alabama,12-12-2030,132567
Alex Cho,+18900999191,test@gmail.com,21,10,1200.11,TRUE,New York,2010-12-12,1x567
Alex Cho,+18900999191,true@co,21,0,1200000,TRUE,california | ca,2010-12-12,1x5671
Alex,+18900999191,test1@mee.to,21,3,12013,,tx,2020-12-12,115671
Alex Cho,+18900991919,alexCHO@CHO.coM,12,45,1200.1221,TRUE,Alabama,12-12-2030,1xr567
Alex Who,+18900992319,alexwhO@whO.coM,0,0,0,TRUE,Alabama,06.03.2002,1xr567
Alex Cho,8900991919,AlexCho@cho.com,12,45,1200,TRUE,Alabama,12-12-2030,132567
Alex Cho,+18900999191,test@gmail.com,21,10,1200.11,TRUE,New York,2010-12-12,1x567
Alex Cho,+18900999191,true@co,21,0,1200000,TRUE,california | ca,2010-12-12,1x5671
Alex,+18900999191,test1@mee.to,21,3,12013,,tx,2020-12-12,115671
Alex Cho,+18900991919,alexCHO@CHO.coM,12,45,1200.1221,TRUE,Alabama,12-12-2030,1xr567
Alex Who,+18900992319,alexwhO@whO.coM,0,0,0,TRUE,Alabama,06.03.2002,1xr567
Alex Cho,8900991919,AlexCho@cho.com,12,45,1200,TRUE,Alabama,12-12-2030,132567
Alex Cho,+18900999191,test@gmail.com,21,10,1200.11,TRUE,New York,2010-12-12,1x567
Alex Cho,+18900999191,true@co,21,0,1200000,TRUE,california | ca,2010-12-12,1x5671
Alex,+18900999191,test1@mee.to,21,3,12013,,tx,2020-12-12,115671
Alex Cho,+18900991919,alexCHO@CHO.coM,12,45,1200.1221,TRUE,Alabama,12-12-2030,1xr567